work,author,year,language,tradition,topic,source_type,venue_or_publisher,access_level,analysis_level,importance_at_the_time,later_significance,visibility_at_the_time,relation_to_canonical_debates,recommended_action,notes
"The Sources of Authoritative Exclusion","Steve Coyne",2025,en,"Razian authority theory","authority; reasons","article","Law and Philosophy 44","abstract_or_review_only","abstract_or_review_based_note","high","uncertain","leading legal philosophy journal","Raz; authority; exclusionary reasons","article note","Official Springer page used."
"Legal Perspectivalism and Hartian Orthodoxy","Angelo Ryu and Trenton Sewell",2025,en,"Hartian positivism","legal content; Hart","article","Legal Theory 31(2)","table_of_contents_only","bibliographic_notice","high","uncertain","leading legal theory journal","Hart; rule of recognition","article note","Official Cambridge Core issue page used."
"Can We Legally Revise the Highest Legal Rule?","Manish Oza",2025,en,"legal positivism","highest legal rule","article","Legal Theory 31(3)","table_of_contents_only","bibliographic_notice","high","uncertain","leading legal theory journal","Hart; Alf Ross; rule of recognition","article note","Official Cambridge Core issue page used."
"Deadlock in Rule of Law Theory and the Potential of Internal Critique","Tom Hannant",2025,en,"rule of law theory","rule of law methodology","article","Legal Theory 31(3)","table_of_contents_only","bibliographic_notice","high","uncertain","leading legal theory journal","Fuller; Raz; Postema; rule of law","article note","Official Cambridge Core issue page used."
"Normative Positions: Against the Dual View","Luis Duarte d'Almeida",2025,en,"Hohfeldian analysis","normative positions","article","Law and Philosophy 44","abstract_or_review_only","abstract_or_review_based_note","high","uncertain","leading legal philosophy journal","Hohfeld; rights; duties; powers","article note","Official Springer page used."
"Challenging the State's Claim to Authority","Tomer Kenneth and Meir H. Yarom",2025,en,"authority theory","state authority","article","Law and Philosophy 44","abstract_or_review_only","abstract_or_review_based_note","high","uncertain","leading legal philosophy journal","Raz; political obligation; authority","article note","Official Springer page used."
"Law, Philosophy and the Susceptible Skins of Living Beings","David Enoch",2025,en,"legal philosophy","law and philosophy","article","Oxford Journal of Legal Studies 45(4)","table_of_contents_only","bibliographic_notice","medium","uncertain","top generalist legal scholarship journal","legal philosophy and moral philosophy","bibliographic mention","Official Oxford Academic issue page used."
"The Death of the Legal Author: Authority, Intention, and Law-Creation in the Advent of GenAI","Julieta A. Rabanos and Bojan Spaic",2025,en,"legal interpretation; authority","AI; legal authorship; intention","article","Law and Philosophy 44","open_access_full_text","full_text_article_note","medium","uncertain","leading legal philosophy journal","Dworkin; intention; authority; legal content","article note","Included only as jurisprudential pressure point."
"The Interpretive Convergence Theory of Law","Jeyoun Son",2025,ko,"legal theory","legal content; interpretive convergence","article","Korean Journal of Legal Philosophy 28(3)","private_access_status","retrospective_contextual_note","regional","potentially important comparator","Korean legal philosophy venue","Hart; Dworkin; social practice; interpretation","article note","Private access status is not disclosed in public files."
